x,y,z,type,volume,cycle entry,custom:GFP,custom:sample
16.01962427335135,-461.41898337331895,0.0,start
-10.175570713536327,-442.62637376629897,0.0,axon
12.943422689548521,-37.204459714743855,0.0,target
-181.51420792038954,-200.72604999137877,0.0,inhib
-91.10883337463436,-193.44068176414487,0.0,inhib
189.1870852543133,-203.85232762834968,0.0,inhib
93.67708411080591,-201.36978815508292,0.0,bridge
