x,y,z,type,volume,cycle entry,custom:GFP,custom:sample
-13.458632210496788,-405.1116875696604,0.0,axon
-7.91086481514786,-441.46886306411506,0.0,start
-2.5429092388721704,-104.51645871705044,0.0,target
-202.36370547290764,-296.92813291164794,0.0,inhib
-163.99382519584594,-207.04676614278017,0.0,inhib
305.7080730347916,-92.28830362197515,0.0,inhib
280.7667373630766,-76.44739965055993,0.0,inhib
-3.835856242719953,-229.9793333001954,0.0,bridge
12.015125855710561,-270.4725571944274,0.0,bridge
